Date,Valor_Portafolio,Capital_Invertido,Rendimiento_%
2025-05-06,86.49949668714295,88.07999714512002,-1.7943920404232538
2025-05-07,86.89025148479615,88.07999714512002,-1.3507557889263389
2025-05-08,87.46963591636353,88.07999714512002,-0.692962362102334
2025-05-09,87.35342411972351,88.07999714512002,-0.8249012817284851
2025-05-12,90.26210987236328,88.07999714512002,2.477421432755089
2025-05-13,90.85495331705323,88.07999714512002,3.150495301857492
2025-05-14,90.9678107937561,88.07999714512002,3.2786259562181286
2025-05-15,91.41413879559326,88.07999714512002,3.7853562199598345
2025-05-16,92.00361227033082,88.07999714512002,4.454604055840594
2025-05-19,92.0979401289673,88.07999714512002,4.561697450134261
2025-05-20,91.77118867705079,88.07999714512002,4.190726216588292
2025-05-21,90.2368611810791,88.07999714512002,2.448755796852997
2025-05-22,90.27894928878175,88.07999714512002,2.4965397535591904
2025-05-23,89.66924556098633,88.07999714512002,1.8043238730445
2025-05-27,91.51182619083863,88.07999714512002,3.8962638021710516
2025-05-28,90.9896999484314,88.07999714512002,3.3034774042026482
2025-05-29,91.34003075667114,88.07999714512002,3.7012190249960053
2025-05-30,91.24571333137818,88.07999714512002,3.5941374760064537
2025-06-02,91.77623841530762,88.07999714512002,4.19645934376871
2025-06-03,92.2966848894104,88.07999714512002,4.787338647778339
2025-06-04,92.2377260652588,88.07999714512002,4.720400834355765
2025-06-05,91.80655771153565,88.07999714512002,4.230881797459385
2025-06-06,92.744692659552,88.07999714512002,5.29597600547882
2025-06-09,92.8440493897583,88.07999714512002,5.408778836344719
2025-06-10,93.37291557207031,88.07999714512002,6.009217300756409
2025-06-11,93.11521198747559,88.07999714512002,5.716638289689757
2025-06-12,93.46723299736328,88.07999714512002,6.1162988497459825
2025-06-13,92.42636091584473,88.07999714512002,4.934563932334912
2025-06-16,93.31900648617554,88.07999714512002,5.948012614514231
2025-06-17,92.52403787774658,88.07999714512002,5.045459669242036
2025-06-18,92.50551869302369,88.07999714512002,5.02443425447916
2025-06-20,262.6215525163691,260.019992573468,1.0005230433063783
2025-06-23,264.51545886432626,260.019992573468,1.7288925541323774
2025-06-24,268.76859909377674,260.019992573468,3.364589943150942
2025-06-25,269.29264010876875,260.019992573468,3.5661286824630434
2025-06-26,271.70233365182884,260.019992573468,4.4928626305763775
2025-06-27,273.0693787109379,260.019992573468,5.018608764779042
2025-06-30,274.0335156231212,260.019992573468,5.389402142104016
2025-07-01,269.40950799266477,260.019992573468,3.611074412496862
2025-07-02,271.4443451442986,260.019992573468,4.393643910901446
2025-07-03,274.0689496310976,260.019992573468,5.403029558836758
2025-07-07,363.4182385380616,350.78998477501204,3.599947065520981
2025-07-08,364.06834956460875,350.78998477501204,3.785274770063096
2025-07-09,366.30199970181286,350.78998477501204,4.42202331880992
2025-07-10,367.599632026382,350.78998477501204,4.791940471775802
2025-07-11,368.53756191046335,350.78998477501204,5.0593169433939655
2025-07-14,368.56935966760443,350.78998477501204,5.068381557129009
2025-07-15,556.6318399150483,537.219980467676,3.613391190415771
2025-07-16,556.7333244570763,537.219980467676,3.632281876860377
2025-07-17,559.7173315006183,537.219980467676,4.187735350676514
2025-07-18,561.7813212554267,537.219980467676,4.571933599038691
2025-07-21,559.4977596905848,537.219980467676,4.146863488494024
2025-07-22,552.5956665573776,537.219980467676,2.8620838108657676
2025-07-23,562.3630989335074,537.219980467676,4.680227724207708
2025-07-24,567.2144839134597,537.219980467676,5.583281437088772
2025-07-25,568.6289754994384,537.219980467676,5.846579832049303
2025-07-28,798.1074013991017,774.769978903099,3.01217433967218
2025-07-29,795.835105359874,774.769978903099,2.718887802880343
2025-07-30,799.4888861571379,774.769978903099,3.1904833598528803
2025-07-31,793.6449471019259,774.769978903099,2.436202836040402
2025-08-01,777.0309172337558,774.769978903099,0.29182059091368284
2025-08-04,791.8766870286113,774.769978903099,2.207972506850564
2025-08-05,795.8603178130594,774.769978903099,2.7221419884930986
2025-08-06,801.9278273245621,774.769978903099,3.5052788777273802
2025-08-07,805.6497642546577,774.769978903099,3.9856713853675174
2025-08-08,812.1494235543922,774.769978903099,4.824586092534755
2025-08-11,809.9645601978445,774.769978903099,4.542584541617534
2025-08-12,819.6930250129325,774.769978903099,5.7982430054187795
2025-08-13,818.1147679684321,774.769978903099,5.594536474774059
2025-08-14,817.8703489330004,774.769978903099,5.562989171434074
2025-08-15,812.1553777729829,774.769978903099,4.825354606900656
2025-08-18,813.111932281427,774.769978903099,4.948817639089698
2025-08-19,797.7086636091813,774.769978903099,2.960709027285535
2025-08-20,793.3903323731545,774.769978903099,2.4033395687863113
2025-08-21,791.3585906176414,774.769978903099,2.1411015096413744
2025-08-22,805.0792814104108,774.769978903099,3.912038841544052
2025-08-25,802.9566057238216,774.769978903099,3.638063888410925
2025-08-26,811.5873604212971,774.769978903099,4.752040285598502
2025-08-27,810.6332780582542,774.769978903099,4.6288963346165835
2025-08-28,814.0355154405412,774.769978903099,5.06802504054602
2025-08-29,805.417332264938,774.769978903099,3.9556712568069363
2025-09-02,799.0513532383771,774.769978903099,3.1340107382135773
2025-09-03,830.7250612162164,806.8099762142429,2.964153357918198
2025-09-04,839.9094861670771,806.8099762142429,4.10251619695452
2025-09-05,873.5012013834045,844.1299730741349,3.4794675282416643
2025-09-08,877.6727808718646,844.1299730741349,3.973654397743287
2025-09-09,885.1420582571482,844.1299730741349,4.858503606222664
2025-09-10,896.2221761376838,844.1299730741349,6.1711116445540615
2025-09-11,933.6152379782601,876.389972582639,6.529657707856207
2025-09-12,937.294594174442,876.389972582639,6.949488640578894
2025-09-15,943.142031701397,876.389972582639,7.616707311477544
2025-09-16,939.8998772986062,876.389972582639,7.246763051020477
2025-09-17,933.8814849272313,876.389972582639,6.560037670806551
2025-09-18,949.2729596282838,876.389972582639,8.316273499897031
2025-09-19,952.56463169403,876.389972582639,8.691867946287823
2025-09-22,960.4602121792661,876.389972582639,9.592788852761537
2025-09-23,953.8907578138713,876.389972582639,8.843184844167595
2025-09-24,945.3451882475396,876.389972582639,7.868097287979703
2025-09-25,942.3097421078872,876.389972582639,7.521739361187452
2025-09-26,946.9406884159895,876.389972582639,8.050150964808989
2025-09-29,953.270973769981,876.389972582639,8.772464723755435
2025-09-30,962.1221021903109,876.389972582639,9.782417906383323
2025-10-01,972.46844607784,876.389972582639,10.962981834681052
2025-10-02,977.1720412774316,876.389972582639,11.499683000456674
2025-10-03,971.6026344136773,876.389972582639,10.864188866795853
2025-10-06,975.5608945906491,876.389972582639,11.315843986183772
2025-10-07,972.8000599683949,876.389972582639,11.000820456861726
2025-10-08,984.1547960742303,876.389972582639,12.29644642943808
2025-10-09,985.4628912293691,876.389972582639,12.445705913921223
2025-10-10,952.6951510424171,876.389972582639,8.706760785374335
2025-10-13,974.1821422086692,876.389972582639,11.158522197355358
2025-10-14,966.5905982746289,876.389972582639,10.292293215790348
2025-10-15,970.6715033659982,876.389972582639,10.757942666267661
2025-10-16,969.7026237816781,876.389972582639,10.647389189547152
2025-10-17,969.9345763236164,876.389972582639,10.673856007880866
2025-10-20,977.4432891095694,876.389972582639,11.530633586454186
2025-10-21,973.6014784334525,876.389972582639,11.092265873871243
2025-10-22,964.8483848339064,876.389972582639,10.093498901018783
2025-10-23,976.9338363938491,876.389972582639,11.472502762088531
2025-10-24,993.4415247278698,876.389972582639,13.356103539191677
2025-10-27,1004.7984090915852,876.389972582639,14.651974637562159
2025-10-28,1015.800499600681,876.389972582639,15.907362176590434
2025-10-29,1026.8097880215162,876.389972582639,17.163571029413326
2025-10-30,1013.3330353407503,876.389972582639,15.625813512511222
2025-10-31,1021.3284186969215,876.389972582639,16.53812237115888
2025-11-03,1033.0499158232774,876.389972582639,17.875597410017853
2025-11-04,1003.6080808490485,876.389972582639,14.516152882433108
2025-11-05,1007.635539051706,876.389972582639,14.975703804814056
2025-11-06,987.6180901877378,876.389972582639,12.691623716017663
2025-11-07,992.5429903249624,876.389972582639,13.25357676104295
2025-11-10,1021.6689445703503,876.389972582639,16.576977890286425
2025-11-11,1010.7011230218798,876.389972582639,15.325500592326314
2025-11-12,1009.219038993853,876.389972582639,15.156388202363758
2025-11-13,983.0362698894395,876.389972582639,12.168817608960536
2025-11-14,990.1087766756381,876.389972582639,12.97582213975823
2025-11-17,977.2519308433517,876.389972582639,11.508798755818939
2025-11-18,960.7323312562686,876.389972582639,9.6238388516793
2025-11-19,965.8550401968356,876.389972582639,10.208362762361546
2025-11-20,935.9692168211616,876.389972582639,6.798257180299339
2025-11-21,941.2149429464793,876.389972582639,7.396817899776642
2025-11-24,961.9468117261368,876.389972582639,9.762416483539837
2025-11-25,963.9043051431183,876.389972582639,9.985775202628444
2025-11-26,974.0829570874375,876.389972582639,11.147204733174497
2025-11-28,978.9370949654171,876.389972582639,11.701083489189346
2025-12-01,1030.9900494665362,930.9899664663991,10.741263236132447
2025-12-02,1035.7679850679835,930.9899664663991,11.254473450371606
2025-12-03,1037.0166416366442,930.9899664663991,11.388594828005782
2025-12-04,1041.4680407230067,930.9899664663991,11.866730924709156
2025-12-05,1043.9480269152536,930.9899664663991,12.133112548741032
2025-12-08,1048.0562000134644,930.9899664663991,12.574381869161687
2025-12-09,1048.6380261991542,930.9899664663991,12.636877299472072
2025-12-10,1059.790572876217,930.9899664663991,13.834800701309868
2025-12-11,1060.0867924505615,930.9899664663991,13.866618399138432
2025-12-12,1037.3484022654532,930.9899664663991,11.42423008088269
2025-12-15,1034.7103977156683,930.9899664663991,11.140875303194008
2025-12-16,1033.2655862443523,930.9899664663991,10.985684428602749
2025-12-17,1011.6454180757423,930.9899664663991,8.663407181011152
2025-12-18,1033.0229057512101,930.9899664663991,10.959617499647202
2025-12-19,1055.5168353064307,930.9899664663991,13.375747679932282
2025-12-22,1067.1373684855455,930.9899664663991,14.623938702142848
2025-12-23,1075.8570606874557,930.9899664663991,15.560543017547657
2025-12-24,1081.0705431525046,930.9899664663991,16.12053642809288
2025-12-26,1079.7207179667469,930.9899664663991,15.975548272003381
2025-12-29,1077.6707711839122,930.9899664663991,15.755358274616494
2025-12-30,1073.9390438231017,930.9899664663991,15.354523948230092
2025-12-31,1064.5142293492413,930.9899664663991,14.342180656321958
2026-01-02,1081.5996436153278,930.9899664663991,16.17736845441764
2026-01-05,1090.3536972498425,930.9899664663991,17.11766361868683
2026-01-06,1110.0455928334507,930.9899664663991,19.23282020392365
2026-01-07,1106.4515125141843,930.9899664663991,18.846770896334665
2026-01-08,1098.8891764851571,930.9899664663991,18.034481150857573
2026-01-09,1112.4318608329756,930.9899664663991,19.489135318530316
2026-01-12,1116.936237360357,930.9899664663991,19.972961856906203
2026-01-13,1112.3278922730478,930.9899664663991,19.47796779109472
2026-01-14,1107.8748119500735,930.9899664663991,18.999651108491133
2026-01-15,1117.6094243530754,930.9899664663991,20.045270583849174
2026-01-16,1125.7458412176695,930.9899664663991,20.919223811881913
2026-01-20,1101.8498089122654,930.9899664663991,18.35249020935963
2026-01-21,1123.605291673485,930.9899664663991,20.68930194147669
2026-01-22,1130.99095513584,930.9899664663991,21.482614837252314
2026-01-23,1137.4026471198645,930.9899664663991,22.171310979527625
2026-01-26,1130.3233062655202,930.9899664663991,21.410900974120793
2026-01-27,1148.4844876569443,930.9899664663991,23.36163965504938
2026-01-28,1159.6230799227085,930.9899664663991,24.558064178080595
2026-01-29,1156.6738373968494,930.9899664663991,24.24127853783864
2026-01-30,1138.6937756169891,930.9899664663991,22.30999437501311
2026-02-02,1142.8743596924737,930.9899664663991,22.759041542658977
2026-02-03,1135.8684258279782,930.9899664663991,22.006516368721087
2026-02-04,1100.0969955340063,930.9899664663991,18.164216066630456
2026-02-05,1085.1723354748237,930.9899664663991,16.561120373147364
2026-02-06,1117.8350912996561,930.9899664663991,20.069510044499552
2026-02-09,1126.138483703571,930.9899664663991,20.961398539864405
2026-02-10,1118.503002834039,930.9899664663991,20.141252121046094
2026-02-11,1131.557934855474,930.9899664663991,21.543515570885987
2026-02-12,1118.1975245212507,930.9899664663991,20.108439918574383
2026-02-13,1117.6909729826302,930.9899664663991,20.054029929544836
2026-02-17,1118.8731828277334,930.9899664663991,20.181014095613815
2026-02-18,1135.0828398737658,930.9899664663991,21.922134583470054
2026-02-19,1134.8407514613825,930.9899664663991,21.896131251414587
2026-02-20,1146.3862064653952,930.9899664663991,23.136257935897973
2026-02-23,1135.9059657034413,930.9899664663991,22.01054862221632
2026-02-24,1142.1143315520485,930.9899664663991,22.677404987185668
2026-02-25,1155.8525214043848,930.9899664663991,24.153058898309986
2026-02-26,1138.2761930603156,930.9899664663991,22.265140770601178
2026-02-27,1127.0708123606653,930.9899664663991,21.061542332029326
2026-03-02,1139.2912643506354,930.9899664663991,22.374172159432625
2026-03-03,1114.2072293801284,930.9899664663991,19.67983216931284
2026-03-04,1134.8177169569306,930.9899664663991,21.89365705670985
2026-03-05,1126.1016669545622,930.9899664663991,20.9574439592207
2026-03-06,1102.5814324427179,930.9899664663991,18.4310757534369
2026-03-09,1119.406205936912,930.9899664663991,20.238267463359747
2026-03-10,1124.8978842727788,930.9899664663991,20.828142599899667
2026-03-11,1128.9404339723553,930.9899664663991,21.26236314417902
2026-03-12,1111.4781233577069,930.9899664663991,19.386691950758195
2026-03-13,1109.5380403376632,930.9899664663991,19.178302699539152
2026-03-16,1127.9253881929708,930.9899664663991,21.153334495541998
2026-03-17,1138.0985512864495,930.9899664663991,22.246059815890117
2026-03-18,1125.6102441261198,930.9899664663991,20.90465898342686
2026-03-19,1114.4580686049846,930.9899664663991,19.706775448391166
2026-03-20,1083.286080116654,930.9899664663991,16.358512887985178
2026-03-23,1093.0517829330347,930.9899664663991,17.407471863713653
2026-03-24,1085.1399015392155,930.9899664663991,16.557636561637423
2026-03-25,1089.9474832439498,930.9899664663991,17.074031139226875
2026-03-26,1057.3789260134813,930.9899664663991,13.575759578461977
2026-03-27,1042.9393072422242,930.9899664663991,12.024763403276229
2026-03-30,1021.5554213810098,930.9899664663991,9.727865839237193
2026-03-31,1058.8415417074066,930.9899664663991,13.732862849883553
2026-04-01,1076.885893749118,930.9899664663991,15.671052593238066
2026-04-02,1078.347025014009,930.9899664663991,15.827996418361856
2026-04-06,1086.7984674443842,930.9899664663991,16.735787343590935
2026-04-07,1087.6866396693238,930.9899664663991,16.83118818107907
2026-04-08,1117.7734577302401,930.9899664663991,20.062889826061546
2026-04-09,1127.4170371066498,930.9899664663991,21.09873121251733
2026-04-10,1132.1002557376853,930.9899664663991,21.60176763607953
2026-04-13,1143.7751896024545,930.9899664663991,22.855801974288536
2026-04-14,1176.6016113707426,930.9899664663991,26.381771420863977
2026-04-15,1180.5182256821522,930.9899664663991,26.802464924820324
2026-04-16,1181.9910333735115,930.9899664663991,26.96066294460666
2026-04-17,1193.2311832409716,930.9899664663991,28.167996027918218
2026-04-20,1190.2515331565114,930.9899664663991,27.84794423447414
2026-04-21,1179.6169406304625,930.9899664663991,26.70565560526228
2026-04-22,1204.9882263692216,930.9899664663991,29.430849930938695
2026-04-23,1196.204331740304,930.9899664663991,28.487349469568855
2026-04-24,1215.3023555260077,930.9899664663991,30.538716774652784
2026-04-27,1234.6358675737793,930.9899664663991,32.615378472861245
2026-04-28,1218.472764879741,930.9899664663991,30.879258506350137
2026-04-29,1215.7144352421985,930.9899664663991,30.582979304973602
2026-04-30,1218.12880796367,930.9899664663991,30.842313219240715
2026-05-01,1227.2992504880342,930.9899664663991,31.827333773132494
2026-05-04,1238.5807182063277,930.9899664663991,33.039104911882
2026-05-05,1259.7069250434747,930.9899664663991,35.308324516614384
2026-05-06,1292.9008131764374,930.9899664663991,38.8737644599632
2026-05-07,1283.5075941010664,930.9899664663991,37.86481491016049
2026-05-08,1327.0563194211109,930.9899664663991,42.54249425028647
2026-05-11,1352.1827857957328,930.9899664663991,45.24139190543417
2026-05-12,1337.4823393928173,930.9899664663991,43.66237957099284
2026-05-13,1354.2477614559039,930.9899664663991,45.46319619275734
2026-05-14,1357.6813957592808,930.9899664663991,45.83201158573191
2026-05-15,1317.119962555537,930.9899664663991,41.47520488912531
2026-05-18,1300.3386526435684,930.9899664663991,39.67268171310627
2026-05-19,1299.8945287979793,930.9899664663991,39.6249772413519
2026-05-20,1326.9661600573381,930.9899664663991,42.53281000372955
2026-05-21,1338.4286167029961,930.9899664663991,43.76402162345991
2026-05-22,1334.3547228327739,930.9899664663991,43.32643432209673
2026-05-26,1393.130282789485,930.9899664663991,49.63966669556639
2026-05-27,1402.1349164276098,930.9899664663991,50.6068772953006
2026-05-28,1409.7462359579008,930.9899664663991,51.42442848322371
2026-05-29,1428.0934092606367,930.9899664663991,53.395145028362535
2026-06-01,1462.1045293082802,930.9899664663991,57.048365930058594
2026-06-02,1471.8613348935746,930.9899664663991,58.09636923156856
2026-06-03,1455.9421500347448,930.9899664663991,56.386449100071154
2026-06-04,1435.4371494301279,930.9899664663991,54.18395483663196
2026-06-05,1352.041002356148,930.9899664663991,45.22616258560348
2026-06-08,1387.631547908109,930.9899664663991,49.04903359752706
2026-06-09,1381.060960917131,930.9899664663991,48.34327013845168
2026-06-10,1343.7426319291953,930.9899664663991,44.334813513556085
2026-06-11,1402.4954403971026,930.9899664663991,50.64560209175153
2026-06-12,1399.2190719204887,930.9899664663991,50.2936790211894
2026-06-15,1459.19011663627,930.9899664663991,56.73532145299811
2026-06-16,1427.0148741001337,930.9899664663991,53.27929682383286
2026-06-17,1423.2453303824375,930.9899664663991,52.87440054637847
2026-06-18,1469.370647752792,930.9899664663991,57.828838191439715
2026-06-22,1488.4237242689273,930.9899664663991,59.87537759598904
2026-06-23,1413.631784309723,930.9899664663991,51.84178511345354
2026-06-24,1408.640060933317,930.9899664663991,51.30561141059913
2026-06-25,1463.6057698470966,930.9899664663991,57.209617994300956
2026-06-26,1432.6505246774161,930.9899664663991,53.88463638497469
2026-06-29,1448.1115928804188,930.9899664663991,55.54534904138342
2026-06-30,1458.5742293063104,930.9899664663991,56.6691674285571
2026-07-01,1413.5212453708107,930.9899664663991,51.829911844901375
2026-07-02,1392.7006037961617,930.9899664663991,49.59351378213015
2026-07-06,1403.4636901040285,930.9899664663991,50.749604255233585
2026-07-07,1385.469238293495,930.9899664663991,48.81677442261658
2026-07-08,1390.7269468140241,930.9899664663991,49.38151826625703
2026-07-09,1409.843175814216,930.9899664663991,51.434841039728816
2026-07-10,1415.90702163805,930.9899664663991,52.08617414129269
2026-07-13,1388.4856188728336,930.9899664663991,49.140771531928884
2026-07-14,1417.5756575316989,930.9899664663991,52.26540656631893
2026-07-15,1393.493487962734,930.9899664663991,49.67867948693166
2026-07-16,1364.613278001927,930.9899664663991,46.576582686638226
2026-07-17,1352.623412153288,930.9899664663991,45.28872070310397
2026-07-20,1358.4718585821613,930.9899664663991,45.916917207849494
2026-07-21,1406.3517425223906,930.9899664663991,51.0598173104101
2026-07-22,1405.3746171974472,930.9899664663991,50.954861794224215
2026-07-23,1406.5467470344372,930.9899664663991,51.0807632409862
2026-07-24,1379.970461383903,930.9899664663991,48.22613681021968
2026-07-27,1365.453493601162,930.9899664663991,46.66683238099576
2026-07-28,1333.9205888246322,930.9899664663991,43.279802884188825
2026-07-29,1282.4260088601154,930.9899664663991,37.748639088732894
2026-07-30,1350.1875293041728,930.9899664663991,45.0270763313219
2026-07-31,1351.258538746703,930.9899664663991,45.14211617934467
2026-08-03,1373.880224000455,930.9899664663991,47.571968924118416
2026-08-04,1421.8863856180506,930.9899664663991,52.72843283315542
2026-08-05,1426.583140161795,930.9899664663991,53.232923183526346
